,,,,,,,,,,,,,,,,
,,,,,,,,,,,,,,,,
No.,RT1),RI,Compound name,"Aroma description
 (Threshold)",Concentration2),,,,,,,,,,i.d3),
,,,,,도원결의 (40%) ,애플스피릿 (20%),화주 (40%),왕주 (40%),추사백 (25%),여우목 (21%),추사 (40%),술샘 (16%),필 (25%),미르 (25%),,
1,6.104,<800,acetaldehyde,,,,,,,,0.29±0.09,,,,,
2,7.433,<800,"2,4-Dimethylheptane",Pungent plastic  (resin),0.36±0.03,,0.24±0.04,,,,0.12±0.03,,,,"MS,RI",o
3,8.438,827,4-Methyloctane,,0.21±0.01,,0.08±0.01,,,,,,,,"MS,RI",o
4,9.267,868,Ethyl acetate," dry fruity, Brandy-like",0.18±0.07,1.26±0.17,14.32±2.74,2.63±0.46,2.95±0.42,,11.39±1.72,,,,"MS,RI",o
5,9.381,873,"1,1-Diethoxyethane (acetal)",,1.00±0.19,1.01±0.04,,2.36±0.47,2.91±0.42,,5.87±2.47,Tr4),,,"MS,RI",o
6,10.092,906,3-methylbutanal,"Malty, Nutty, Almond, Cocoa",,,1.20±0.04,,,,,,,,"MS,RI",o
7,11.225,946,Ethyl alcohol,,94.39±11.51,23.77±0.26,94.05±25.67,125.30±3.86,38.20±5.37,20.63±0.10,124.98±37.67,10.60±1.01,,,"MS,RI",o
8,11.4,952,Ethyl propanoate,"fruity, pineapple",,4.41±0.42,,,,,,,,,"MS,RI",o
9,11.65,961,Ethyl isobutyrate,fruity,,,0.39±0.06,,,,,,,,"MS,RI",o
10,11.891,969,Propyl acetate,"Pleasant, fruity",,0.31±0.03,,,,,,,,,"MS,RI",o
11,11.945,971,"1,1-diethoxy-2-methylpropane",,,,0.87±0.18,,,,0.54±0.17,,,,"MS,RI",o
12,12.691,997,Decane,gasoline like,0.84±0.02,,0.93±0.07,,,,0.74±0.28,,,,"MS,RI",o
14,12.826,1002, 4-methyldecane,,0.30±0.02,,0.36±0.00,,,,0.20±0.06,,,,"MS,RI",o
15,13.093,1010,isobutyl acetate,,,0.03±0.01,0.29±0.02,,0.22±0.01,,0.24±0.06,,,,"MS,RI",o
18,13.889,1035,Ethyl butyrate,,0.14±0.01,0.61±0.05,0.11±0.01,0.16±0.02,,,0.40±0.08,,,,"MS,RI",o
19,14.132,1043,1-Propanol,,0.20±0.01,0.17±0.01,0.91±0.26,0.74±0.16,0.27±0.02,,1.31±0.33,,,,"MS,RI",o
20,14.434,1052,Ethyl 2-methylbutyrate,,,1.12±0.09,,,0.18±0.01,,,,,,"MS,RI",o
21,14.862,1066,camphene,,,,,,,,,0.01±0.01,,,"MS,RI",o
22,14.942,1068,Ethyl isovalerate,,,0.06±0.01,,,,,,,,,"MS,RI",o
23,15.046,1071,"1,1-diethoxy-2-methylbutane ",,,,0.65±0.08,,,,,,,,"MS,RI",o
24,15.08,1072,Butyl acetate,,,0.99±0.04,,,,,0.24±0.07,,,,"MS,RI",o
26,15.176,1075,"1,1-diethoxy-3-methylbutane ",,,,3.28±0.51,,,,,,,,"MS,RI",o
27,15.205,1076,"2,6,10,14-t-Tetramethyl hexadecane (phytane)",,0.36±0.03,,,,,,,,,,MS,v
29,16.047,1103,Isobutyl alcohol,,1.16±0.05,0.38±0.04,6.28±0.47,2.32±0.12,0.75±0.04,,2.17±0.35,,,,"MS,RI",o
30,16.71,1123,Isoamyl acetate,,1.13±0.01,8.54±2.79,1.04±0.23,3.42±0.55,3.48±0.06,,6.88±1.14,,,,"MS,RI",o
31,16.904,1130,p-Xylene,,,,0.18±0.04,,,,0.42±0.12,,,,"MS,RI",o
32,17.163,1138, m-Xylene,,,,0.22±0.13,,,,0.17±0.01,,,,"MS,RI",o
33,17.587,1151,β-mycene,,,,,,,,,0.01±0.00,,,"MS,RI",o
34,17.714,1155,1-Butanol,,0.10±0.00,,0.26±0.03,0.55±0.09,0.13±0.00,,,,,,"MS,RI",o
35,18.115,1168,Ethyl 2-butenoate,,,0.24±0.02,,,,,,,,,"MS,RI",o
36,18.236,1171,α-terpinene,,,,,,,,,0.02±0.01,,,"MS,RI",o
37,18.491,1179,isocineole,,,,,,,,,0.02±0.00,,,"MS,RI",o
38,18.787,1189,Amyl propionate ,,,0.12±0.01,,,,,,,,,MS,v
39,18.862,1191,Dodecane,,0.27±0.06,,,,,,1.05±0.53,,,,"MS,RI",o
40,19.165,1201,limonene,,0.31±0.01,0.50±0.03,0.31±0.10,0.98±0.21,0.04±0.01,,0.21±0.06,0.03±0.00,,,"MS,RI",o
42,19.556,1214,"1,8-cineol",,,,,,,0.04±0.00,,0.10±0.01,,,"MS,RI",o
43,19.664,1217,isoamyl alcohol,,11.05±0.04,11.02±0.14,33.28±4.63,32.19±3.50,11.12±0.25,0.09±0.01,30.89±7.52,,,,"MS,RI",o
44,20.024,1229,2-Pentylfuran,,,,0.91±0.30,,,,,,,,"MS,RI",o
45,20.318,1239,Ethyl caproate,,1.00±0.14,6.20±0.24,1.62±0.36,,8.77±0.34,0.04±0.01,12.78±2.98,0.05±0.00,,,"MS,RI",o
46,21.121,1266,isoamyl butyrate,,,0.02±0.01,,,,,,,,,"MS,RI",o
47,21.161,1267,o-cymene,,,,,0.14±0.02,,,,0.30±0.03,,,"MS,RI",o
48,21.22,1269,styrene,,,,0.09±0.02,,,,,,,,"MS,RI",o
49,21.561,1281,Hexyl acetate ,,,20.13±2.06,0.20±0.08,0.75±0.30,3.95±0.14,0.03±0.01,3.93±1.19,,,,"MS,RI",o
54,22.899,1327,Z-3-hexenyl acetate,,0.09±0.00,0.08±0.01,,,,,,,,,"MS,RI",o
55,23.233,1339,e-2-heptenal,,,,,,,,,0.08±0.00,,,"MS,RI",o
56,23.337,1342,trans-2-hexenyl acetate,,,10.66±0.92,,0.34±0.15,0.10±0.01,,0.14±0.03,,,,"MS,RI",o
57,23.343,1343,Ethyl heptanoate,,,,0.21±0.06,,,,,,,,"MS,RI",o
59,23.518,1349,6-methyl-5-hepten-2-one,,,,,,,,,0.03±0.01,,,"MS,RI",o
61,23.775,1358,Ethyl lactate,,,0.08±0.01,0.51±0.18,,,,,,,,"MS,RI",o
62,23.945,1364,1-Hexanol,,,1.20±0.00,0.29±0.08,0.13±0.03,1.89±0.04,,1.51±0.36,,,,"MS,RI",o
63,23.964,1365,rose oxide ,,,,,,,,,0.02±0.00,,,"MS,RI",o
66,24.879,1397,Methyl octanoate,,,0.03±0.01,,,,,,,,,"MS,RI",o
67,24.973,1401,2-Nonanone,,,0.03±0.01,,,0.09±0.02,,,0.02±0.00,,,"MS,RI",o
68,25.427,1418,E-2-hexen-1-ol,,,0.45±0.07,,,,,,,,,"MS,RI",o
69,25.957,1438,"1,3-bis(1,1-dimethylethyl)benzene",,3.65±0.00,0.40±0.01,2.92±0.19,2.99±0.47,0.85±0.01,0.17±0.01,2.76±0.68,0.09±0.00,,,"MS,RI",o
70,26.192,1447, e-2-octenal,,,,,,,,,0.05±0.00,,,"MS,RI",o
71,26.135,1445,Ethyl caprylate,,0.92±0.24,8.94±0.96,2.65±0.27,2.39±0.57,35.27±1.64,0.40±0.12,89.49±23.67,0.12±0.02,,,"MS,RI",o
72,26.261,1450,"1,2,3,4-tetramethylbenzene ",,,,,0.15±0.05,,0.05±0.01,,,,,"MS,RI",o
73,26.586,1462,isoamyl caproate,,,,,,0.35±0.01,,,,,,"MS,RI",o
74,26.666,1465,acetic acid,,,,,0.31±0.01,,,2.03±0.84,,,,"MS,RI",o
75,27.168,1484,Furfural ,,,0.19±0.02,0.77±0.15,,,0.04±0.00,2.61±0.76,0.01±0.00,,,"MS,RI",o
76,27.567,1499,2-ethylhexanol,,,,,,,0.06±0.00,,,,,"MS,RI",o
77,27.926,1513,ethyl sorbate ,,,,,,0.06±0.01,,,,,,"MS,RI",o
78,28.181,1524,propyl octanoate,,,,,,0.16±0.01,,0.91±0.24,,,,"MS,RI",o
79,28.733,1546,Ethyl nonanoate,,,0.03±0.00,0.09±0.01,,0.06±0.00,`,0.39±0.12,,,,"MS,RI",o
80,28.867,1551,Benzaldehyde,"Almond, Cherry stone",0.08±0.00,,0.73±0.15,0.12±0.02,0.07±0.00,0.03±0.00,,,,,"MS,RI",o
81,28.978,1556,linalool,,,,,,,,,0.02±0.01,,,"MS,RI",o
82,28.993,1556,Vitispirane,,,0.26±0.00,,,,,1.64±0.42,,,,MS,v
83,29.067,1559,isobutyl caprylate,,,,,,,,1.05±0.28,,,,"MS,RI",o
84,29.071,1559,2-hydroxy-4-methyl pentanoic acid ethyl ester,,,,0.12±0.00,,,,,,,,"MS,RI",o
85,29.311,1569,1-Octanol,,,0.04±0.00,,,0.12±0.00,,0.12±0.03,,,,"MS,RI",o
86,29.442,1574,methyl citronellate,,,,,,,,,0.02±0.01,,,MS,v
87,29.461,1575,2-undecanone,,,,,,0.07±0.01,,,,,,"MS,RI",o
88,29.715,1585,nonyl acetate ,,,,,,,,0.13±0.02,,,,"MS,RI",o
89,30.04,1598,5-methyl-2-furfural,,,,,,,,0.11±0.04,,,,"MS,RI",o
90,30.119,1601,hexadecane,,,,,,,,0.22±0.11,,,,"MS,RI",o
92,30.242,1607,methyl caprate,,,,,,,,0.11±0.03,,,,"MS,RI",o
93,30.33,1610,Propylene glycol,,,0.06±0.01,,,,,,,,,"MS,RI",o
94,30.37,1612,2-undecanone,,,,,,,,0.28±0.21,0.06±0.00,,,"MS,RI",o
95,30.627,1623,hexyl hexanoate,,,,,,,,0.12±0.02,,,,"MS,RI",o
96,30.714,1627,4-terpineol,,,,,,,0.18±0.01,,0.34±0.02,,,"MS,RI",o
98,31.245,1649,"cis-2,6-dimethyl-2,6-octadiene",,,,,,0.28±0.02,0.02±0.00,,,,,MS,v
99,31.256,1650,Ethyl decanoate,"waxy, slightly floral&fruity",0.06±0.02,0.66±0.08,0.58±0.05,0.47±0.09,10.73±0.96,0.21±0.05,150.94±39.99,0.36±0.11,,,"MS,RI",o
100,31.622,1665,e-2-decenal,,,,,,,,,0.01±0.00,,,"MS,RI",o
101,31.773,1672,isopentyl octanoate,,,,,,,,7.76±2.15,,,,"MS,RI",o
102,31.82,1674,citronellyl acetate,,,,,,,,,0.12±0.01,,,"MS,RI",o
103,32.065,1684,2-methylbutanoic acid,,,0.04±0.00,,,,,,,,,"MS,RI",o
104,32.25,1692,Diethyl succinate,,,0.27±0.03,0.10±0.02,0.15±0.02,,,0.85±0.27,,,,"MS,RI",o
107,32.509,1703,Ethyl 9-decenoate,,,0.03±0.01,,,0.07±0.00,,0.39±0.15,,,,"MS,RI",o
108,32.894,1720,α-terpineol,,,,,,,0.02±0.00,,,,,"MS,RI",o
109,32.905,1721,α-terpinyl acetate,,,,,,,,,0.17±0.01,,,"MS,RI",o
110,33.078,1728,2-undecanol,,,,,,,,,0.01±0.00,,,"MS,RI",o
111,33.241,1736,propyl decanoate,,,,,,,,1.42±0.09,,,,"MS,RI",o
112,33.301,1738,"(2,2-Diethoxyethyl)benzene ",,,,0.06±0.00,,,,,,,,MS,v
113,34.1,1774,isobutyl caprate,,,0.04±0.00,,,0.10±0.00,,1.10±0.24,,,,"MS,RI",o
114,34.101,1774,Citronollol,,,,,,0.05±0.00,0.02±0.00,,0.05±0.00,,,"MS,RI",o
115,34.953,1813,Methyl salicylate,,,0.06±0.01,,,0.11±0.01,,0.14±0.02,0.01±0.00,,,"MS,RI",o
117,35.64,1845,Phenethyl acetate,,,0.29±0.06,0.11±0.02,0.70±0.03,0.48±0.02,,0.81±0.31,0.03±0.00,,,"MS,RI",o
118,35.851,1855,(E)-β-damascenone,,,0.29±0.04,,,,,,,,,"MS,RI",o
119,35.856,1855,Ethyl laurate,"waxy, slightly floral&fruity",,,0.06±0.02,,0.12±0.04,,33.07±5.90,0.08±0.02,,,"MS,RI",o
120,35.944,1859,Hexanoic acid,,,0.07±0.01,,,,,,,,,"MS,RI",o
121,36.288,1875,isoamyl decanoate,,,,,,,,3.57±0.53,0.01±0.00,,,"MS,RI",o
123,37.395,1927,BHT (Butylated Hydroxy Toluene),,0.14±0.01,,0.14±0.02,,,0.06±0.00,0.26±0.08,0.02±0.00,,,"MS,RI",o
124,37.723,1942,Benzeneethanol (phenethyl alcohol),,1.19±0.02,0.57±0.09,0.21±0.08,0.84±0.17,0.30±0.01,,0.57±0.05,,,,"MS,RI",o
125,40.386,>2000,ethyl myristate,,,,,,,,0.34±0.05,,,,"MS,RI",o
126,40.713,>2000,Octanoic acid,,,0.32±0.07,,0.21±0.08,0.04±0.00,,0.41±0.07,,,,"MS,RI",o
127,47.574,>2000,Decanoic acid,,,0.10±0.03,,,,,0.27±0.05,,,,"MS,RI",o
128,49.079,>2000,"2,4-di-tert-butylphenol ",,,0.12±0.01,,,0.06±0.00,,,0.03±0.00,,,"MS,RI",o
"1) Retention time
2) PPM (μg/g) ± Standard deviation
3) Identification
4) Trace",,,,,,,,,,,,,,,,
